"","df","BIC","delta"
"Phylo_FAS_model2int",8,-104.569676279749,0
"Phylo_FAS_model2",7,-97.5897992301289,6.97988
"Phylo_FAS_model5int",8,-74.4357157118589,30.13396
"Phylo_FAS_model4int",8,-73.5624863756611,31.00719
"Phylo_FAS_model4",7,-44.3295782614844,60.2401
"Phylo_FAS_model5",7,-36.7829499543374,67.78673
