"","df","BIC","delta"
"Phylo_FAS_model2int",8,1307.62016643065,0
"Phylo_FAS_model4int",8,1314.42729843199,6.80713
"Phylo_FAS_model2",7,1324.83680308383,17.21664
"Phylo_FAS_model4",7,1333.93872127558,26.31855
"Phylo_FAS_model5int",8,1350.70656121017,43.08639
"Phylo_FAS_model5",7,1368.9710606833,61.35089
