"","df","BIC","delta"
"Phylo_RMR_model4int",8,1800.61415122567,0
"Phylo_RMR_model4",7,1806.82527681353,6.21113
"Phylo_RMR_model2",7,1857.93170475775,57.31755
"Phylo_RMR_model2int",8,1865.34893253407,64.73478
"Phylo_RMR_model5",7,1919.7116867879,119.09754
"Phylo_RMR_model5int",8,1924.29001212285,123.67586
