"","df","BIC","delta"
"Phylo_RMR_model4int",8,3073.30604827435,0
"Phylo_RMR_model4",7,3077.87609949165,4.57005
"Phylo_RMR_model2int",8,3149.59123231308,76.28518
"Phylo_RMR_model2",7,3151.30638079115,78.00033
"Phylo_RMR_model5",7,3162.62955830423,89.32351
"Phylo_RMR_model5int",8,3170.05488386774,96.74884
