"","df","BIC","delta"
"Phylo_RMR_model4",7,1393.21588502386,0
"Phylo_RMR_model4int",8,1396.68600022793,3.47012
"Phylo_RMR_model2",7,1410.69646598599,17.48058
"Phylo_RMR_model2int",8,1415.84215641173,22.62627
"Phylo_RMR_model5",7,1418.75418966953,25.5383
"Phylo_RMR_model5int",8,1422.12623511689,28.91035
