"","df","BIC","delta"
"Phylo_RMR_W_model2",7,608.982270460887,0
"Phylo_RMR_W_model4",7,609.814686063737,0.83242
"Phylo_RMR_W_model2int",8,616.269361816583,7.28709
"Phylo_RMR_W_model4int",8,616.405557151095,7.42329
"Phylo_RMR_W_model5",7,622.604888288832,13.62262
"Phylo_RMR_W_model5int",8,629.841842655188,20.85957
