"","df","BIC","delta"
"Phylo_RMR_W_model2",7,427.379100297523,0
"Phylo_RMR_W_model2int",8,432.996019778789,5.61692
"Phylo_RMR_W_model4",7,434.908880115429,7.52978
"Phylo_RMR_W_model5",7,435.668209081801,8.28911
"Phylo_RMR_W_model4int",8,440.317626179269,12.93853
"Phylo_RMR_W_model5int",8,441.942856835889,14.56376
