"","df","BIC","delta"
"Phylo_RMR_model4",7,-53.9601460967626,0
"Phylo_RMR_model4int",8,-47.0239736720441,6.93617
"Phylo_RMR_model2",7,19.4757032569992,73.43585
"Phylo_RMR_model5",7,26.6906701579704,80.65082
"Phylo_RMR_model2int",8,27.6591464475521,81.61929
"Phylo_RMR_model5int",8,34.6558435886819,88.61599
